id,state,repo,path,revision,commit_date,commit_title,checked,upstream_sha256,upstream_bytes,fetch_files,fetch_bytes,pinned_on,note
bge-m3,CONFIRMED,BAAI/bge-m3,,50f9396f75618b3389c1fd1068a1ff58dc7b5b26,,,"what the node reads matches (10 files); 21 other file(s) in the archive's folder are from another commit (12 of 31 files differ, first: .gitattributes, README.md, imgs/bm25.jpg)",,,11,2293249382,2026-10-01,
faster-whisper-large-v3,CONFIRMED,Systran/faster-whisper-large-v3,,edaa852ec7e145841d8ffdb056a99866b5f0a478,,,7 files,,,6,3090837754,2026-10-01,
faster-whisper-large-v3-turbo-ct2,CONFIRMED,deepdml/faster-whisper-large-v3-turbo-ct2,,4df90f75321148c3a29a9e2351b7ddf8f5b115a8,,,7 files,,,6,1621668437,2026-10-01,
gemma-4-12b-it,CONFIRMED,google/gemma-4-12b-it,,707f0a3b8a3c7ad586ed01e27eafbad8a27dd0f7,,,9 files,,,8,23951775355,2026-10-01,
gemma-4-12b-it-q3_k_m,CONFIRMED,unsloth/gemma-4-12b-it-GGUF,gemma-4-12b-it-Q3_K_M.gguf,fc034cfff751157913579611efad8462ac1be606,,,sha256,,,,,2026-09-30,
gemma-4-12b-it-q4_k_m,CONFIRMED,unsloth/gemma-4-12b-it-GGUF,gemma-4-12b-it-Q4_K_M.gguf,fc034cfff751157913579611efad8462ac1be606,,,sha256,,,,,2026-09-30,
gemma-4-12b-it-q5_k_m,CONFIRMED,unsloth/gemma-4-12b-it-GGUF,gemma-4-12b-it-Q5_K_M.gguf,fc034cfff751157913579611efad8462ac1be606,,,sha256,,,,,2026-09-30,
gemma-4-12b-it-q8_0,CONFIRMED,unsloth/gemma-4-12b-it-GGUF,gemma-4-12b-it-Q8_0.gguf,fc034cfff751157913579611efad8462ac1be606,,,sha256,,,,,2026-09-30,
gemma-4-31b-it,CONFIRMED,google/gemma-4-31B-it,,842da3794eaa0b77d5f08bae87a17459d91ff475,,,12 files,,,11,62578684548,2026-10-01,
google_gemma-4-31b-it-imatrix,CONFIRMED,bartowski/google_gemma-4-31B-it-GGUF,google_gemma-4-31B-it-imatrix.gguf,619aca7589c72be65dd968de8602ad23d68b5c14,,,sha256,,,,,2026-09-30,
google_gemma-4-31b-it-iq4_xs,CONFIRMED,bartowski/google_gemma-4-31B-it-GGUF,google_gemma-4-31B-it-IQ4_XS.gguf,619aca7589c72be65dd968de8602ad23d68b5c14,,,sha256,,,,,2026-09-30,
google_gemma-4-31b-it-q3_k_m,CONFIRMED,bartowski/google_gemma-4-31B-it-GGUF,google_gemma-4-31B-it-Q3_K_M.gguf,619aca7589c72be65dd968de8602ad23d68b5c14,,,sha256,,,,,2026-09-30,
google_gemma-4-31b-it-q4_k_m,CONFIRMED,bartowski/google_gemma-4-31B-it-GGUF,google_gemma-4-31B-it-Q4_K_M.gguf,619aca7589c72be65dd968de8602ad23d68b5c14,,,sha256,,,,,2026-09-30,
google_gemma-4-31b-it-q8_0,CONFIRMED,bartowski/google_gemma-4-31B-it-GGUF,google_gemma-4-31B-it-Q8_0.gguf,619aca7589c72be65dd968de8602ad23d68b5c14,,,sha256,,,,,2026-09-30,
imatrix-gemma-4-12b-it-unsloth,CONFIRMED,unsloth/gemma-4-12b-it-GGUF,imatrix_unsloth.gguf_file,fc034cfff751157913579611efad8462ac1be606,,,sha256,,,,,2026-09-30,
kokoro-82m,CONFIRMED,hexgrad/Kokoro-82M,,f3ff3571791e39611d31c381e3a41a3af07b4987,,,72 files,,,68,361307019,2026-10-01,
kokoro-82m-v1.0-onnx,CONFIRMED,onnx-community/Kokoro-82M-v1.0-ONNX,,1939ad2a8e416c0acfeecc08a694d14ef25f2231,,,68 files,,,67,1447377448,2026-10-01,
microsoft_phi-4-mini-instruct-q3_k_m,CONFIRMED,bartowski/microsoft_Phi-4-mini-instruct-GGUF,microsoft_Phi-4-mini-instruct-Q3_K_M.gguf,7ff82c2aaa4dde30121698a973765f39be5288c0,,,sha256,,,,,2026-09-30,
microsoft_phi-4-mini-instruct-q4_k_m,CONFIRMED,bartowski/microsoft_Phi-4-mini-instruct-GGUF,microsoft_Phi-4-mini-instruct-Q4_K_M.gguf,7ff82c2aaa4dde30121698a973765f39be5288c0,,,sha256,,,,,2026-09-30,
microsoft_phi-4-mini-instruct-q6_k,CONFIRMED,bartowski/microsoft_Phi-4-mini-instruct-GGUF,microsoft_Phi-4-mini-instruct-Q6_K.gguf,7ff82c2aaa4dde30121698a973765f39be5288c0,,,sha256,,,,,2026-09-30,
microsoft_phi-4-mini-instruct-q8_0,CONFIRMED,bartowski/microsoft_Phi-4-mini-instruct-GGUF,microsoft_Phi-4-mini-instruct-Q8_0.gguf,7ff82c2aaa4dde30121698a973765f39be5288c0,,,sha256,,,,,2026-09-30,
microsoft_phi-4-mini-instruct.imatrix,CONFIRMED,bartowski/microsoft_Phi-4-mini-instruct-GGUF,microsoft_Phi-4-mini-instruct.imatrix,7ff82c2aaa4dde30121698a973765f39be5288c0,,,sha256,,,,,2026-09-30,
mmproj-gemma-4-12b-it-bf16,CONFIRMED,unsloth/gemma-4-12b-it-GGUF,mmproj-BF16.gguf,fc034cfff751157913579611efad8462ac1be606,,,sha256,,,,,2026-09-30,
mmproj-gemma-4-12b-it-f16,CONFIRMED,unsloth/gemma-4-12b-it-GGUF,mmproj-F16.gguf,fc034cfff751157913579611efad8462ac1be606,,,sha256,,,,,2026-09-30,
mmproj-google_gemma-4-31b-it-bf16,CONFIRMED,bartowski/google_gemma-4-31B-it-GGUF,mmproj-google_gemma-4-31B-it-bf16.gguf,619aca7589c72be65dd968de8602ad23d68b5c14,,,sha256,,,,,2026-09-30,
mmproj-google_gemma-4-31b-it-f16,CONFIRMED,bartowski/google_gemma-4-31B-it-GGUF,mmproj-google_gemma-4-31B-it-f16.gguf,619aca7589c72be65dd968de8602ad23d68b5c14,,,sha256,,,,,2026-09-30,
mmproj-qwen3.8-27b-bf16,CONFIRMED,bartowski/Qwen3.8-27B-GGUF,mmproj-Qwen3.8-27B-bf16.gguf,0c92138c51f112d2f0dc84d5f6d1ebe4b9912b9a,,,sha256,,,,,2026-09-30,
mmproj-qwen3.8-27b-f16,CONFIRMED,bartowski/Qwen3.8-27B-GGUF,mmproj-Qwen3.8-27B-f16.gguf,0c92138c51f112d2f0dc84d5f6d1ebe4b9912b9a,,,sha256,,,,,2026-09-30,
mtp-gemma-4-12b-it-q8_0,CONFIRMED,unsloth/gemma-4-12b-it-GGUF,MTP/mtp-gemma-4-12b-it-Q8_0.gguf,fc034cfff751157913579611efad8462ac1be606,,,sha256,,,,,2026-09-30,
mtp-google_gemma-4-31b-it-q4_0,CONFIRMED,bartowski/google_gemma-4-31B-it-GGUF,mtp-google_gemma-4-31B-it-Q4_0.gguf,619aca7589c72be65dd968de8602ad23d68b5c14,,,sha256,,,,,2026-09-30,
mtp-google_gemma-4-31b-it-q8_0,CONFIRMED,bartowski/google_gemma-4-31B-it-GGUF,mtp-google_gemma-4-31B-it-Q8_0.gguf,619aca7589c72be65dd968de8602ad23d68b5c14,,,sha256,,,,,2026-09-30,
params,CONFIRMED,unsloth/Qwen3-Coder-30B-A3B-Instruct-GGUF,params,b17cb02dd882d5b6ab62fc777ad2995f19668350,,,git blob id,,,,,2026-09-30,
phi-4-mini-instruct,CONFIRMED,microsoft/Phi-4-mini-instruct,,cfbefacb99257ffa30c83adab238a50856ac3083,,,21 files,,,20,7694052560,2026-10-01,
piper-voices,CONFIRMED,rhasspy/piper-voices,,c10ece1aade47bb51c153c893d14e5bf8e5b7117,,,"10 files, 3291 more at this commit that the archive does not hold",,,10,329484257,2026-10-01,
qwen3-coder-30b-a3b-instruct,CONFIRMED,Qwen/Qwen3-Coder-30B-A3B-Instruct,,b2cff646eb4bb1d68355c01b18ae02e7cf42d120,,,28 files,,,27,61079825275,2026-10-01,
qwen3-coder-30b-a3b-instruct-q3_k_m,CONFIRMED,unsloth/Qwen3-Coder-30B-A3B-Instruct-GGUF,Qwen3-Coder-30B-A3B-Instruct-Q3_K_M.gguf,b17cb02dd882d5b6ab62fc777ad2995f19668350,,,sha256,,,,,2026-09-30,
qwen3-coder-30b-a3b-instruct-q4_k_m,CONFIRMED,unsloth/Qwen3-Coder-30B-A3B-Instruct-GGUF,Qwen3-Coder-30B-A3B-Instruct-Q4_K_M.gguf,b17cb02dd882d5b6ab62fc777ad2995f19668350,,,sha256,,,,,2026-09-30,
qwen3-coder-30b-a3b-instruct-q8_0,CONFIRMED,unsloth/Qwen3-Coder-30B-A3B-Instruct-GGUF,Qwen3-Coder-30B-A3B-Instruct-Q8_0.gguf,b17cb02dd882d5b6ab62fc777ad2995f19668350,,,sha256,,,,,2026-09-30,
qwen3.8-27b,CONFIRMED,Qwen/Qwen3.8-27B,,1d4bf0f2ff6012fd82039f2fa52739d0dd7c60c0,,,32 files,,,31,55586113293,2026-10-01,
qwen3.8-27b-calibration-v6,CONFIRMED,bartowski/Qwen3.8-27B-GGUF,Qwen3.8-27B-calibration-v6.txt,0c92138c51f112d2f0dc84d5f6d1ebe4b9912b9a,,,git blob id,,,,,2026-09-30,
qwen3.8-27b-imatrix,CONFIRMED,bartowski/Qwen3.8-27B-GGUF,Qwen3.8-27B-imatrix.gguf,0c92138c51f112d2f0dc84d5f6d1ebe4b9912b9a,,,sha256,,,,,2026-09-30,
qwen3.8-27b-iq4_xs,CONFIRMED,bartowski/Qwen3.8-27B-GGUF,Qwen3.8-27B-IQ4_XS.gguf,f0eec4a4bb4975114a030d048952d83c0a53c034,,,sha256,,,,,2026-09-30,
qwen3.8-27b-q3_k_m,CONFIRMED,bartowski/Qwen3.8-27B-GGUF,Qwen3.8-27B-Q3_K_M.gguf,f0eec4a4bb4975114a030d048952d83c0a53c034,,,sha256,,,,,2026-09-30,
qwen3.8-27b-q4_k_m,CONFIRMED,bartowski/Qwen3.8-27B-GGUF,Qwen3.8-27B-Q4_K_M.gguf,f0eec4a4bb4975114a030d048952d83c0a53c034,,,sha256,,,,,2026-09-30,
qwen3.8-27b-q8_0,CONFIRMED,bartowski/Qwen3.8-27B-GGUF,Qwen3.8-27B-Q8_0.gguf,0c92138c51f112d2f0dc84d5f6d1ebe4b9912b9a,,,sha256,,,,,2026-09-30,
template,CONFIRMED,unsloth/Qwen3-Coder-30B-A3B-Instruct-GGUF,template,b17cb02dd882d5b6ab62fc777ad2995f19668350,,,git blob id,,,,,2026-09-30,
